order_id,product_id,quantity,discount
ORD0418,P095,1,0.22
ORD0291,P070,5,0.21
ORD0096,P056,5,0.26
ORD0088,P083,4,0.03
ORD0078,P058,2,0.21
ORD0288,P004,1,0.15
ORD0120,P004,2,0.25
ORD0302,P020,2,0.15
ORD0491,P010,1,0.19
ORD0400,P024,1,0.14
ORD0452,P099,5,0.14
ORD0500,P026,5,0.23
ORD0165,P037,1,0.19
ORD0182,P085,3,0.19
ORD0469,P054,5,0.14
ORD0398,P021,3,0.16
ORD0223,P074,1,0.22
ORD0311,P038,5,0.25
ORD0432,P046,2,0.21
ORD0466,P004,1,0.28
ORD0007,P060,4,0.25
ORD0330,P057,3,0.17
ORD0263,P045,1,0.2
ORD0161,P020,1,0.28
ORD0151,P017,5,0.19
ORD0085,P071,5,0.25
ORD0147,P004,5,0.21
ORD0112,P093,4,0.17
ORD0381,P014,5,0.07
ORD0403,P003,1,0.13
ORD0036,P088,5,0.29
ORD0285,P080,2,0.2
ORD0188,P058,5,0.17
ORD0082,P055,4,0.28
ORD0002,P004,2,0.18
ORD0385,P024,1,0.16
ORD0303,P034,1,0.23
ORD0197,P030,3,0.21
ORD0404,P082,2,0.06
ORD0011,P019,3,0.14
ORD0234,P031,2,0.14
ORD0386,P060,2,0.11
ORD0195,P060,4,0.16
ORD0471,P019,3,0.12
ORD0119,P049,4,0.06
ORD0396,P063,2,0.12
ORD0020,P083,1,0.02
ORD0261,P022,2,0.17
ORD0293,P024,4,0.26
ORD0422,P076,3,0.22
ORD0256,P030,3,0.11
ORD0222,P058,4,0.03
ORD0393,P031,3,0.06
ORD0226,P100,5,0.16
ORD0053,P064,1,0.06
ORD0428,P019,1,0.16
ORD0355,P048,1,0.07
ORD0500,P045,3,0.25
ORD0342,P100,3,0.12
ORD0364,P094,2,0.07
ORD0280,P055,2,0.24
ORD0081,P055,1,0.1
ORD0202,P097,5,0.03
ORD0158,P018,2,0.17
ORD0120,P063,2,0.17
ORD0059,P092,3,0.21
ORD0494,P047,5,0.07
ORD0215,P075,1,0.13
ORD0128,P057,2,0.08
ORD0224,P045,5,0.02
ORD0209,P033,5,0.26
ORD0370,P017,1,0.22
ORD0115,P070,5,0.09
ORD0209,P004,5,0.18
ORD0014,P020,5,0.06
ORD0009,P047,2,0.27
ORD0040,P091,1,0.03
ORD0450,P015,5,0.0
ORD0237,P070,5,0.15
ORD0281,P047,2,0.17
ORD0359,P078,1,0.17
ORD0201,P075,3,0.02
ORD0246,P009,2,0.09
ORD0278,P090,1,0.15
ORD0235,P016,5,0.06
ORD0494,P069,1,0.26
ORD0004,P061,1,0.03
ORD0154,P010,1,0.15
ORD0442,P050,3,0.21
ORD0029,P003,1,0.08
ORD0109,P077,3,0.19
ORD0098,P094,5,0.25
ORD0215,P070,3,0.06
ORD0293,P081,5,0.28
ORD0075,P051,5,0.17
ORD0326,P019,3,0.09
ORD0146,P042,2,0.13
ORD0128,P035,4,0.09
ORD0341,P046,1,0.22
ORD0042,P026,4,0.24
ORD0356,P069,1,0.25
ORD0041,P093,1,0.3
ORD0422,P064,5,0.24
ORD0034,P037,1,0.18
ORD0017,P084,1,0.1
ORD0165,P049,3,0.16
ORD0153,P021,4,0.01
ORD0486,P074,3,0.22
ORD0378,P064,1,0.13
ORD0076,P005,5,0.01
ORD0087,P100,3,0.02
ORD0117,P070,3,0.12
ORD0362,P090,2,0.18
ORD0342,P004,1,0.14
ORD0469,P039,5,0.19
ORD0027,P035,3,0.14
ORD0313,P001,3,0.2
ORD0287,P024,5,0.07
ORD0134,P057,1,0.03
ORD0219,P100,2,0.18
ORD0168,P070,3,0.15
ORD0098,P041,2,0.01
ORD0268,P054,4,0.11
ORD0237,P046,1,0.03
ORD0309,P060,4,0.16
ORD0455,P060,4,0.12
ORD0394,P057,4,0.18
ORD0173,P031,1,0.24
ORD0401,P084,1,0.09
ORD0410,P024,5,0.29
ORD0469,P089,2,0.16
ORD0476,P036,2,0.19
ORD0190,P085,5,0.2
ORD0122,P030,5,0.2
ORD0046,P024,4,0.15
ORD0064,P030,5,0.13
ORD0130,P086,3,0.02
ORD0310,P092,2,0.01
ORD0363,P007,5,0.11
ORD0193,P035,3,0.1
ORD0307,P055,3,0.12
ORD0181,P092,3,0.04
ORD0292,P014,3,0.22
ORD0371,P010,4,0.26
ORD0282,P080,3,0.28
ORD0029,P016,4,0.15
ORD0149,P054,4,0.21
ORD0267,P095,3,0.26
ORD0296,P089,2,0.13
ORD0011,P077,3,0.09
ORD0164,P070,3,0.28
ORD0113,P044,3,0.15
ORD0187,P073,2,0.15
ORD0295,P045,1,0.05
ORD0232,P100,1,0.03
ORD0227,P056,4,0.25
ORD0310,P084,4,0.18
ORD0098,P082,2,0.1
ORD0055,P057,5,0.06
ORD0111,P021,1,0.17
ORD0152,P068,4,0.18
ORD0246,P050,1,0.06
ORD0406,P033,2,0.26
ORD0069,P091,2,0.03
ORD0312,P007,5,0.11
ORD0289,P070,5,0.2
ORD0250,P015,2,0.08
ORD0036,P082,4,0.25
ORD0239,P032,1,0.22
ORD0148,P075,3,0.24
ORD0467,P020,5,0.04
ORD0227,P088,3,0.04
ORD0244,P015,4,0.09
ORD0491,P048,5,0.16
ORD0337,P071,3,0.22
ORD0446,P021,4,0.25
ORD0365,P042,1,0.21
ORD0491,P026,4,0.28
ORD0482,P014,5,0.22
ORD0201,P057,2,0.09
ORD0154,P037,1,0.08
ORD0450,P058,3,0.21
ORD0073,P021,5,0.06
ORD0201,P082,2,0.03
ORD0296,P069,4,0.16
ORD0017,P003,2,0.25
ORD0129,P087,5,0.03
ORD0217,P090,5,0.24
ORD0061,P037,2,0.24
ORD0427,P088,4,0.14
ORD0104,P049,2,0.02
ORD0042,P019,5,0.05
ORD0025,P089,5,0.21
ORD0039,P085,3,0.21
ORD0291,P012,3,0.27
ORD0131,P061,1,0.17
ORD0498,P041,5,0.04
ORD0229,P033,3,0.04
ORD0108,P050,2,0.22
ORD0172,P068,4,0.06
ORD0435,P071,2,0.1
ORD0478,P086,4,0.15
ORD0102,P033,3,0.01
ORD0354,P081,1,0.07
ORD0012,P024,2,0.12
ORD0275,P061,2,0.08
ORD0101,P061,2,0.04
ORD0044,P098,4,0.22
ORD0443,P028,3,0.24
ORD0305,P058,2,0.08
ORD0445,P043,2,0.23
ORD0017,P041,1,0.12
ORD0330,P039,1,0.15
ORD0057,P086,3,0.26
ORD0311,P049,3,0.22
ORD0497,P017,5,0.24
ORD0303,P098,1,0.04
ORD0012,P070,5,0.02
ORD0318,P070,4,0.27
ORD0080,P098,5,0.12
ORD0216,P065,2,0.09
ORD0339,P074,5,0.22
ORD0264,P085,3,0.25
ORD0479,P005,4,0.26
ORD0149,P002,2,0.09
ORD0081,P022,5,0.26
ORD0215,P057,4,0.01
ORD0485,P066,4,0.01
ORD0374,P074,2,0.19
ORD0464,P098,5,0.02
ORD0198,P016,4,0.1
ORD0200,P051,4,0.2
ORD0025,P039,1,0.1
ORD0466,P086,4,0.05
ORD0089,P076,1,0.08
ORD0268,P088,5,0.14
ORD0143,P040,5,0.14
ORD0059,P038,5,0.23
ORD0410,P060,3,0.23
ORD0489,P059,5,0.14
ORD0365,P010,4,0.25
ORD0026,P099,2,0.03
ORD0047,P064,1,0.08
ORD0288,P063,3,0.25
ORD0266,P049,5,0.11
ORD0016,P064,5,0.29
ORD0199,P032,2,0.14
ORD0401,P007,2,0.24
ORD0407,P021,3,0.12
ORD0282,P020,1,0.13
ORD0469,P026,5,0.11
ORD0086,P068,3,0.22
ORD0250,P086,4,0.16
ORD0391,P015,4,0.28
ORD0270,P085,3,0.08
ORD0335,P079,5,0.03
ORD0117,P086,3,0.12
ORD0007,P092,5,0.19
ORD0137,P014,2,0.26
ORD0371,P027,3,0.1
ORD0176,P040,5,0.2
ORD0328,P058,3,0.11
ORD0498,P028,3,0.19
ORD0315,P026,5,0.27
ORD0215,P063,5,0.07
ORD0477,P066,1,0.12
ORD0082,P025,3,0.3
ORD0223,P003,4,0.26
ORD0478,P072,3,0.17
ORD0372,P044,3,0.15
ORD0423,P097,5,0.09
ORD0483,P042,3,0.16
ORD0402,P099,3,0.25
ORD0443,P006,4,0.21
ORD0490,P039,5,0.09
ORD0103,P052,3,0.06
ORD0273,P023,2,0.08
ORD0014,P089,1,0.05
ORD0159,P050,4,0.03
ORD0152,P043,3,0.13
ORD0483,P019,2,0.03
ORD0108,P069,3,0.05
ORD0188,P051,3,0.16
ORD0301,P011,5,0.05
ORD0098,P012,5,0.02
ORD0131,P074,5,0.1
ORD0293,P008,2,0.07
ORD0171,P024,3,0.15
ORD0424,P092,1,0.03
ORD0474,P041,4,0.23
ORD0183,P036,5,0.27
ORD0471,P085,5,0.22
ORD0364,P072,3,0.16
ORD0039,P055,3,0.26
ORD0015,P009,2,0.21
ORD0376,P047,2,0.0
ORD0497,P015,5,0.12
ORD0004,P048,3,0.26
ORD0349,P082,1,0.1
ORD0470,P042,4,0.01
ORD0409,P060,3,0.22
ORD0397,P084,3,0.24
ORD0210,P070,2,0.05
ORD0161,P012,4,0.16
ORD0016,P002,5,0.06
ORD0493,P007,3,0.22
ORD0426,P080,5,0.08
ORD0108,P003,3,0.09
ORD0382,P003,5,0.25
ORD0450,P027,4,0.14
ORD0311,P040,2,0.2
ORD0227,P033,4,0.12
ORD0170,P092,1,0.09
ORD0034,P001,2,0.19
ORD0414,P008,4,0.05
ORD0251,P032,1,0.11
ORD0247,P048,3,0.06
ORD0269,P004,3,0.21
ORD0141,P094,5,0.28
ORD0274,P070,2,0.3
ORD0416,P019,3,0.14
ORD0096,P032,2,0.08
ORD0227,P009,3,0.13
ORD0379,P012,5,0.25
ORD0039,P011,4,0.06
ORD0302,P046,5,0.29
ORD0500,P016,1,0.1
ORD0029,P001,3,0.3
ORD0446,P063,1,0.25
ORD0497,P021,1,0.24
ORD0477,P030,2,0.1
ORD0318,P013,3,0.0
ORD0245,P034,1,0.11
ORD0236,P004,4,0.09
ORD0185,P028,1,0.01
ORD0272,P095,4,0.15
ORD0440,P059,2,0.12
ORD0236,P027,1,0.19
ORD0239,P069,5,0.19
ORD0377,P025,2,0.04
ORD0266,P003,4,0.29
ORD0414,P097,2,0.06
ORD0409,P068,1,0.13
ORD0359,P025,3,0.15
ORD0340,P020,3,0.24
ORD0389,P034,4,0.03
ORD0065,P026,4,0.13
ORD0478,P005,3,0.19
ORD0177,P099,4,0.06
ORD0003,P061,2,0.19
ORD0429,P092,5,0.28
ORD0142,P093,5,0.3
ORD0376,P009,2,0.01
ORD0158,P050,5,0.07
ORD0498,P006,1,0.09
ORD0324,P083,2,0.12
ORD0146,P060,4,0.07
ORD0446,P044,2,0.06
ORD0293,P011,3,0.29
ORD0153,P066,4,0.28
ORD0432,P047,3,0.01
ORD0193,P073,4,0.1
ORD0437,P085,5,0.12
ORD0494,P088,2,0.07
ORD0463,P098,1,0.19
ORD0073,P086,4,0.19
ORD0399,P003,4,0.26
ORD0305,P076,3,0.22
ORD0377,P092,5,0.16
ORD0344,P030,3,0.2
ORD0452,P090,3,0.08
ORD0140,P021,5,0.18
ORD0187,P028,1,0.15
ORD0293,P090,3,0.04
ORD0061,P062,3,0.07
ORD0485,P033,4,0.09
ORD0427,P085,5,0.28
ORD0380,P035,2,0.07
ORD0198,P052,1,0.09
ORD0295,P034,1,0.11
ORD0440,P041,5,0.2
ORD0319,P051,4,0.04
ORD0302,P047,4,0.29
ORD0344,P082,5,0.26
ORD0011,P058,4,0.17
ORD0062,P075,1,0.2
ORD0333,P057,1,0.0
ORD0226,P023,2,0.1
ORD0153,P048,5,0.24
ORD0199,P022,3,0.02
ORD0052,P017,3,0.08
ORD0260,P069,2,0.18
ORD0059,P011,2,0.08
ORD0072,P094,4,0.28
ORD0148,P015,2,0.04
ORD0349,P091,2,0.24
ORD0063,P035,3,0.15
ORD0310,P033,4,0.23
ORD0373,P084,2,0.09
ORD0243,P016,2,0.15
ORD0493,P034,4,0.26
ORD0366,P066,5,0.14
ORD0330,P099,4,0.11
ORD0107,P040,3,0.16
ORD0226,P028,5,0.22
ORD0313,P047,1,0.13
ORD0218,P039,4,0.28
ORD0425,P070,3,0.09
ORD0241,P073,5,0.14
ORD0259,P020,4,0.23
ORD0376,P001,2,0.21
ORD0262,P072,4,0.26
ORD0005,P087,1,0.3
ORD0261,P063,4,0.13
ORD0054,P067,5,0.03
ORD0047,P004,5,0.01
ORD0215,P058,4,0.22
ORD0177,P025,5,0.26
ORD0009,P047,2,0.07
ORD0099,P038,4,0.05
ORD0020,P015,2,0.02
ORD0378,P063,2,0.25
ORD0241,P021,3,0.09
ORD0061,P099,4,0.12
ORD0379,P057,5,0.15
ORD0490,P053,2,0.25
ORD0419,P046,3,0.2
ORD0178,P014,4,0.18
ORD0338,P100,4,0.05
ORD0062,P076,1,0.15
ORD0145,P017,1,0.21
ORD0216,P039,2,0.29
ORD0003,P009,1,0.06
ORD0160,P099,2,0.0
ORD0227,P077,5,0.02
ORD0486,P079,2,0.11
ORD0269,P082,1,0.25
ORD0120,P097,5,0.0
ORD0381,P006,1,0.14
ORD0495,P091,2,0.1
ORD0089,P023,3,0.02
ORD0329,P059,4,0.14
ORD0068,P091,1,0.08
ORD0398,P098,2,0.11
ORD0357,P046,5,0.21
ORD0098,P038,1,0.16
ORD0267,P014,1,0.04
ORD0105,P100,4,0.29
ORD0440,P072,2,0.19
ORD0323,P062,3,0.23
ORD0123,P035,5,0.02
ORD0476,P019,2,0.01
ORD0029,P030,5,0.01
ORD0137,P078,1,0.06
ORD0195,P084,4,0.12
ORD0409,P025,4,0.28
ORD0226,P040,3,0.14
ORD0332,P088,4,0.09
ORD0170,P014,1,0.17
ORD0009,P026,3,0.03
ORD0463,P087,2,0.18
ORD0040,P022,4,0.17
ORD0025,P048,3,0.24
ORD0261,P083,1,0.3
ORD0395,P051,5,0.08
ORD0443,P003,5,0.15
ORD0226,P042,1,0.27
ORD0472,P019,1,0.24
ORD0124,P073,5,0.15
ORD0463,P028,3,0.28
ORD0038,P084,5,0.02
ORD0328,P045,1,0.28
ORD0251,P071,4,0.02
ORD0389,P078,2,0.16
ORD0176,P063,4,0.27
ORD0090,P073,4,0.08
ORD0402,P019,1,0.14
ORD0454,P047,5,0.1
ORD0037,P014,3,0.29
ORD0316,P038,4,0.25
ORD0176,P053,5,0.21
ORD0461,P061,3,0.18
ORD0284,P036,4,0.25
ORD0453,P040,3,0.12
ORD0461,P081,5,0.13
ORD0081,P030,2,0.22
ORD0114,P009,5,0.11
ORD0040,P064,1,0.02
ORD0301,P033,3,0.02
ORD0224,P052,2,0.03
ORD0318,P089,3,0.26
ORD0349,P014,3,0.14
ORD0115,P075,4,0.21
ORD0186,P053,1,0.12
ORD0323,P099,3,0.08
ORD0056,P059,5,0.1
ORD0040,P078,5,0.24
ORD0354,P094,4,0.19
ORD0040,P041,1,0.28
ORD0347,P068,1,0.2
ORD0461,P068,5,0.17
ORD0237,P092,2,0.18
ORD0289,P008,4,0.28
ORD0262,P002,4,0.24
ORD0216,P086,5,0.01
ORD0147,P041,5,0.16
ORD0336,P055,2,0.21
ORD0168,P016,2,0.22
ORD0092,P093,1,0.06
ORD0353,P062,4,0.26
ORD0059,P048,4,0.29
ORD0059,P030,5,0.07
ORD0304,P012,1,0.26
ORD0169,P035,4,0.03
ORD0269,P011,1,0.02
ORD0363,P064,1,0.04
ORD0045,P050,5,0.02
ORD0345,P085,1,0.25
ORD0181,P021,2,0.02
ORD0170,P069,2,0.08
ORD0356,P048,3,0.03
ORD0191,P020,5,0.09
ORD0155,P067,3,0.03
ORD0422,P044,2,0.2
ORD0188,P033,3,0.04
ORD0007,P073,5,0.26
ORD0133,P061,5,0.25
ORD0235,P009,1,0.0
ORD0045,P068,4,0.27
ORD0314,P035,1,0.01
ORD0249,P081,5,0.07
ORD0499,P098,2,0.01
ORD0031,P088,2,0.1
ORD0023,P096,1,0.15
ORD0426,P065,5,0.24
ORD0394,P008,2,0.1
ORD0160,P045,5,0.21
ORD0363,P087,2,0.06
ORD0437,P047,5,0.23
ORD0158,P040,3,0.07
ORD0039,P076,5,0.04
ORD0415,P054,5,0.06
ORD0082,P076,1,0.05
ORD0356,P046,3,0.15
ORD0258,P047,4,0.25
ORD0206,P015,1,0.02
ORD0077,P019,4,0.21
ORD0477,P026,2,0.2
ORD0012,P052,4,0.26
ORD0295,P093,5,0.07
ORD0450,P022,4,0.14
ORD0224,P021,1,0.28
ORD0013,P051,1,0.2
ORD0046,P038,4,0.12
ORD0155,P020,1,0.04
ORD0113,P029,1,0.08
ORD0233,P051,4,0.17
ORD0017,P004,3,0.22
ORD0360,P055,3,0.04
ORD0223,P071,2,0.18
ORD0354,P092,1,0.17
ORD0188,P028,4,0.15
ORD0448,P004,1,0.21
ORD0344,P022,5,0.25
ORD0365,P076,1,0.1
ORD0163,P045,1,0.27
ORD0496,P067,3,0.05
ORD0326,P086,4,0.05
ORD0467,P066,1,0.08
ORD0414,P088,3,0.04
ORD0455,P034,2,0.07
ORD0074,P091,3,0.03
ORD0233,P055,3,0.25
ORD0224,P001,3,0.04
ORD0482,P072,1,0.22
ORD0319,P087,1,0.01
ORD0412,P038,2,0.28
ORD0060,P006,5,0.21
ORD0335,P086,5,0.0
ORD0222,P025,5,0.23
ORD0037,P082,2,0.15
ORD0477,P017,5,0.23
ORD0278,P061,5,0.16
ORD0196,P012,3,0.19
ORD0404,P006,1,0.24
ORD0352,P090,1,0.12
ORD0484,P027,3,0.0
ORD0242,P008,3,0.25
ORD0324,P083,3,0.11
ORD0219,P065,1,0.15
ORD0192,P057,5,0.0
ORD0017,P093,3,0.15
ORD0012,P099,2,0.3
ORD0406,P040,3,0.08
ORD0401,P014,4,0.12
ORD0394,P035,3,0.21
ORD0374,P048,1,0.24
ORD0193,P084,3,0.13
ORD0022,P056,4,0.09
ORD0474,P049,2,0.28
ORD0120,P013,5,0.2
ORD0210,P061,3,0.04
ORD0306,P049,4,0.02
ORD0270,P046,4,0.15
ORD0192,P062,2,0.07
ORD0175,P008,1,0.08
ORD0285,P043,3,0.26
ORD0204,P020,4,0.03
ORD0164,P097,2,0.21
ORD0251,P090,5,0.08
ORD0227,P039,4,0.23
ORD0436,P085,2,0.22
ORD0381,P049,1,0.0
ORD0460,P064,1,0.15
ORD0007,P062,4,0.04
ORD0029,P054,4,0.26
ORD0395,P009,3,0.26
ORD0033,P088,2,0.13
ORD0134,P037,4,0.13
ORD0367,P049,3,0.09
ORD0079,P041,3,0.21
ORD0416,P017,4,0.11
ORD0435,P088,1,0.08
ORD0459,P021,2,0.13
ORD0058,P051,2,0.03
ORD0471,P059,1,0.22
ORD0026,P039,4,0.0
ORD0482,P055,2,0.19
ORD0430,P041,4,0.05
ORD0226,P039,4,0.07
ORD0285,P013,3,0.19
ORD0004,P064,1,0.3
ORD0465,P011,4,0.23
ORD0099,P019,5,0.07
ORD0397,P011,1,0.05
ORD0489,P077,2,0.26
ORD0039,P046,3,0.13
ORD0271,P045,2,0.04
ORD0375,P001,2,0.26
ORD0285,P040,1,0.24
ORD0157,P019,2,0.3
ORD0075,P076,4,0.27
ORD0372,P072,2,0.26
ORD0288,P072,3,0.02
ORD0130,P061,3,0.03
ORD0175,P012,5,0.17
ORD0462,P061,3,0.16
ORD0084,P033,2,0.14
ORD0022,P045,3,0.12
ORD0459,P090,1,0.13
ORD0027,P092,3,0.17
ORD0195,P069,4,0.0
ORD0337,P008,1,0.08
ORD0382,P025,5,0.16
ORD0236,P091,4,0.22
ORD0440,P046,2,0.05
ORD0092,P087,2,0.16
ORD0477,P030,2,0.21
ORD0021,P047,4,0.13
ORD0303,P087,4,0.01
ORD0464,P049,4,0.13
ORD0357,P047,1,0.09
ORD0443,P084,1,0.28
ORD0084,P082,2,0.04
ORD0262,P018,3,0.2
ORD0147,P066,2,0.02
ORD0441,P068,5,0.13
ORD0453,P094,1,0.17
ORD0387,P033,4,0.09
ORD0257,P036,1,0.14
ORD0058,P082,4,0.05
ORD0380,P019,5,0.09
ORD0422,P028,5,0.19
ORD0015,P040,1,0.09
ORD0162,P084,4,0.27
ORD0445,P097,5,0.19
ORD0163,P076,2,0.13
ORD0320,P015,2,0.01
ORD0497,P041,4,0.15
ORD0281,P039,1,0.23
ORD0280,P002,5,0.08
ORD0012,P063,1,0.24
ORD0274,P029,2,0.08
ORD0271,P074,5,0.25
ORD0492,P066,1,0.03
ORD0208,P051,3,0.26
ORD0027,P075,4,0.15
ORD0072,P077,4,0.09
ORD0060,P010,3,0.08
ORD0430,P014,2,0.13
ORD0473,P082,5,0.3
ORD0145,P051,4,0.07
ORD0093,P073,3,0.03
ORD0309,P039,3,0.18
ORD0008,P028,2,0.15
ORD0079,P003,2,0.16
ORD0027,P084,1,0.2
ORD0174,P070,4,0.08
ORD0050,P027,1,0.27
ORD0500,P002,3,0.13
ORD0199,P093,5,0.04
ORD0387,P038,5,0.22
ORD0349,P003,2,0.19
ORD0448,P016,5,0.09
ORD0428,P094,5,0.19
ORD0181,P040,5,0.07
ORD0024,P002,3,0.13
ORD0316,P081,5,0.27
ORD0378,P041,5,0.04
ORD0387,P012,5,0.12
ORD0404,P035,1,0.25
ORD0046,P065,3,0.29
ORD0015,P055,2,0.14
ORD0153,P045,1,0.15
ORD0222,P079,4,0.17
ORD0206,P090,3,0.28
ORD0455,P085,3,0.26
ORD0273,P062,4,0.05
ORD0382,P049,4,0.13
ORD0236,P095,4,0.14
ORD0340,P025,2,0.24
ORD0228,P023,5,0.18
ORD0009,P024,3,0.2
ORD0166,P038,5,0.3
ORD0432,P028,5,0.02
ORD0444,P021,4,0.07
ORD0319,P054,2,0.12
ORD0214,P018,1,0.1
ORD0117,P036,2,0.01
ORD0386,P099,5,0.03
ORD0344,P045,2,0.2
ORD0072,P073,4,0.26
ORD0395,P053,1,0.15
ORD0064,P030,4,0.16
ORD0205,P060,1,0.08
ORD0209,P098,5,0.23
ORD0072,P032,1,0.23
ORD0277,P067,1,0.18
ORD0274,P067,1,0.06
ORD0478,P028,2,0.03
ORD0320,P044,2,0.02
ORD0338,P079,5,0.18
ORD0366,P041,1,0.25
ORD0495,P063,3,0.26
ORD0095,P023,5,0.14
ORD0166,P075,1,0.24
ORD0032,P048,1,0.28
ORD0011,P032,2,0.08
ORD0301,P057,5,0.12
ORD0217,P100,1,0.28
ORD0289,P033,1,0.1
ORD0102,P024,5,0.27
ORD0425,P039,3,0.29
ORD0392,P034,5,0.2
ORD0267,P056,5,0.25
ORD0214,P028,3,0.22
ORD0179,P037,5,0.21
ORD0088,P007,1,0.09
ORD0041,P068,5,0.02
ORD0401,P037,3,0.1
ORD0076,P056,4,0.2
ORD0377,P065,5,0.03
ORD0046,P065,2,0.0
ORD0160,P047,1,0.04
ORD0463,P020,1,0.21
ORD0080,P019,2,0.29
ORD0310,P029,2,0.29
ORD0086,P074,5,0.15
ORD0092,P060,2,0.26
ORD0148,P018,4,0.22
ORD0161,P092,3,0.15
ORD0202,P035,2,0.17
ORD0424,P043,2,0.04
ORD0416,P095,4,0.28
ORD0242,P091,1,0.11
ORD0353,P011,1,0.13
ORD0002,P049,5,0.2
ORD0225,P038,4,0.1
ORD0289,P064,3,0.08
ORD0233,P069,3,0.19
ORD0461,P008,4,0.01
ORD0414,P034,3,0.22
ORD0417,P048,1,0.15
ORD0077,P056,3,0.18
ORD0116,P076,3,0.19
ORD0154,P065,4,0.16
ORD0406,P031,4,0.17
ORD0103,P004,3,0.21
ORD0194,P050,2,0.23
ORD0166,P069,4,0.22
ORD0359,P030,5,0.26
ORD0090,P088,5,0.06
ORD0174,P059,1,0.12
ORD0122,P067,3,0.28
ORD0498,P075,2,0.12
ORD0143,P045,1,0.04
ORD0482,P004,3,0.16
ORD0106,P026,4,0.03
ORD0375,P027,5,0.06
ORD0428,P046,2,0.3
ORD0305,P064,5,0.16
ORD0360,P091,4,0.09
ORD0459,P051,3,0.3
ORD0317,P050,4,0.29
ORD0451,P006,4,0.13
ORD0123,P059,5,0.08
ORD0390,P015,2,0.25
ORD0009,P030,4,0.21
ORD0262,P042,5,0.21
ORD0073,P037,2,0.27
ORD0359,P042,3,0.21
ORD0223,P035,3,0.09
ORD0416,P087,1,0.21
ORD0041,P006,5,0.09
ORD0370,P068,2,0.23
ORD0204,P018,4,0.19
ORD0264,P073,3,0.02
ORD0328,P029,2,0.15
ORD0178,P077,5,0.1
ORD0348,P059,1,0.1
ORD0318,P047,3,0.18
ORD0084,P017,2,0.1
ORD0318,P096,2,0.23
ORD0111,P022,2,0.02
ORD0251,P068,5,0.2
ORD0383,P069,5,0.24
ORD0007,P037,5,0.2
ORD0459,P049,4,0.15
ORD0084,P013,2,0.29
ORD0208,P034,3,0.09
ORD0388,P086,5,0.01
ORD0390,P053,5,0.13
ORD0314,P087,2,0.01
ORD0022,P051,5,0.29
ORD0410,P003,4,0.06
ORD0383,P042,4,0.24
ORD0003,P098,5,0.23
ORD0127,P032,2,0.07
ORD0297,P051,2,0.19
ORD0188,P085,2,0.01
ORD0362,P046,1,0.15
ORD0014,P021,5,0.0
ORD0459,P044,2,0.28
ORD0466,P011,4,0.29
ORD0012,P068,3,0.07
ORD0087,P001,3,0.06
ORD0012,P092,2,0.23
ORD0397,P063,3,0.08
ORD0025,P024,3,0.27
ORD0301,P099,1,0.17
ORD0243,P013,4,0.11
ORD0122,P098,4,0.25
ORD0147,P011,1,0.15
ORD0055,P100,1,0.27
ORD0238,P051,3,0.28
ORD0356,P017,5,0.05
ORD0173,P099,3,0.0
ORD0392,P082,1,0.3
ORD0221,P086,4,0.27
ORD0119,P024,3,0.02
ORD0309,P019,5,0.25
ORD0183,P037,3,0.14
ORD0288,P085,2,0.08
ORD0307,P008,3,0.26
ORD0300,P028,1,0.06
ORD0082,P005,4,0.28
ORD0454,P017,4,0.06
ORD0402,P036,1,0.18
ORD0211,P019,2,0.07
ORD0150,P064,1,0.16
ORD0037,P091,3,0.21
ORD0352,P098,1,0.06
ORD0312,P011,1,0.16
ORD0361,P054,2,0.14
ORD0059,P045,3,0.02
ORD0131,P047,5,0.25
ORD0412,P012,5,0.1
ORD0202,P021,4,0.17
ORD0243,P011,1,0.15
ORD0035,P092,4,0.15
ORD0445,P005,2,0.03
ORD0093,P081,5,0.13
ORD0438,P056,1,0.14
ORD0447,P020,2,0.22
ORD0207,P041,2,0.25
ORD0353,P046,1,0.16
ORD0391,P012,2,0.03
ORD0332,P070,1,0.07
ORD0305,P017,1,0.05
ORD0350,P019,3,0.04
ORD0213,P026,4,0.11
ORD0159,P048,2,0.07
ORD0442,P052,2,0.07
ORD0445,P096,3,0.02
ORD0024,P070,3,0.01
ORD0404,P055,3,0.03
ORD0293,P100,5,0.05
ORD0004,P075,5,0.13
ORD0220,P033,5,0.15
ORD0364,P062,1,0.04
ORD0382,P088,2,0.13
ORD0020,P023,4,0.1
ORD0444,P015,1,0.06
ORD0152,P027,2,0.0
ORD0050,P075,2,0.14
ORD0177,P064,3,0.21
ORD0435,P081,3,0.07
ORD0096,P051,1,0.04
ORD0105,P053,3,0.27
ORD0420,P078,2,0.08
ORD0250,P091,3,0.07
ORD0117,P082,5,0.26
ORD0354,P092,3,0.25
ORD0228,P051,2,0.13
ORD0066,P047,1,0.15
ORD0335,P004,4,0.07
ORD0418,P007,3,0.02
ORD0420,P035,2,0.17
ORD0262,P048,4,0.03
ORD0295,P073,4,0.13
ORD0426,P072,5,0.28
ORD0243,P045,4,0.29
ORD0371,P081,2,0.07
ORD0186,P081,2,0.19
ORD0246,P097,3,0.14
ORD0125,P096,3,0.26
ORD0268,P072,3,0.08
ORD0131,P019,4,0.0
ORD0237,P063,4,0.05
ORD0018,P038,5,0.1
ORD0040,P067,3,0.09
ORD0021,P059,1,0.24
ORD0399,P069,5,0.2
ORD0225,P013,1,0.09
ORD0355,P047,4,0.14
ORD0282,P061,5,0.03
ORD0008,P031,5,0.27
ORD0100,P080,2,0.28
ORD0240,P096,4,0.29
ORD0478,P022,4,0.26
ORD0087,P093,5,0.05
ORD0298,P086,4,0.01
ORD0428,P043,5,0.17
ORD0014,P067,2,0.27
ORD0334,P054,5,0.05
ORD0002,P010,4,0.0
ORD0375,P042,4,0.24
ORD0293,P064,5,0.02
ORD0325,P021,5,0.12
ORD0422,P080,5,0.2
ORD0493,P076,3,0.07
ORD0041,P066,4,0.03
ORD0318,P041,4,0.23
ORD0316,P024,3,0.19
ORD0381,P035,5,0.3
ORD0111,P056,2,0.1
ORD0014,P030,5,0.02
ORD0231,P057,5,0.22
ORD0473,P094,3,0.16
ORD0084,P047,4,0.06
ORD0130,P035,5,0.23
ORD0231,P019,4,0.06
ORD0326,P008,1,0.08
ORD0145,P026,4,0.03
ORD0379,P071,2,0.12
ORD0345,P030,2,0.13
ORD0028,P007,5,0.15
ORD0066,P067,4,0.21
ORD0163,P065,5,0.27
ORD0229,P036,3,0.04
ORD0261,P025,2,0.02
ORD0449,P037,5,0.01
ORD0424,P001,3,0.04
ORD0460,P015,5,0.2
ORD0440,P037,4,0.22
ORD0164,P013,4,0.24
ORD0301,P008,4,0.07
ORD0407,P005,4,0.09
ORD0303,P060,1,0.14
ORD0287,P073,3,0.02
ORD0395,P001,3,0.18
ORD0010,P036,4,0.3
ORD0195,P035,1,0.11
ORD0118,P066,4,0.23
ORD0270,P063,1,0.15
ORD0080,P023,4,0.04
ORD0458,P009,2,0.17
ORD0093,P034,2,0.09
ORD0266,P046,5,0.01
ORD0332,P078,4,0.19
ORD0350,P004,3,0.26
ORD0361,P030,5,0.1
ORD0257,P095,2,0.12
ORD0133,P075,4,0.27
ORD0276,P099,5,0.24
ORD0264,P072,4,0.21
ORD0171,P003,2,0.07
ORD0460,P014,5,0.27
ORD0001,P060,2,0.05
ORD0313,P077,1,0.19
ORD0064,P045,2,0.01
ORD0374,P096,4,0.19
ORD0468,P034,3,0.08
ORD0284,P045,2,0.13
ORD0121,P061,3,0.1
ORD0107,P083,1,0.05
ORD0421,P016,5,0.19
ORD0175,P066,5,0.26
ORD0485,P040,3,0.29
ORD0204,P017,5,0.06
ORD0165,P034,2,0.22
ORD0305,P016,3,0.2
ORD0497,P060,4,0.1
ORD0120,P066,2,0.01
ORD0044,P066,2,0.21
ORD0312,P090,2,0.28
ORD0156,P013,4,0.19
ORD0367,P056,1,0.13
ORD0207,P031,5,0.16
ORD0390,P034,3,0.06
ORD0108,P039,1,0.23
ORD0251,P067,3,0.22
ORD0445,P008,5,0.04
ORD0404,P087,4,0.26
ORD0370,P078,2,0.08
ORD0334,P055,2,0.29
ORD0130,P027,4,0.11
ORD0457,P093,1,0.05
ORD0293,P053,1,0.11
ORD0020,P039,3,0.13
ORD0282,P065,4,0.02
ORD0285,P017,1,0.17
ORD0001,P030,4,0.18
ORD0119,P053,5,0.22
ORD0035,P013,2,0.01
ORD0198,P021,2,0.16
ORD0485,P019,2,0.02
ORD0245,P053,4,0.21
ORD0059,P019,4,0.02
ORD0325,P057,3,0.27
ORD0161,P025,2,0.21
ORD0497,P086,3,0.15
ORD0179,P031,2,0.13
ORD0206,P081,3,0.04
ORD0012,P055,3,0.09
ORD0490,P023,5,0.26
ORD0276,P032,3,0.27
ORD0181,P062,4,0.0
ORD0242,P074,3,0.18
ORD0216,P010,2,0.22
ORD0251,P100,3,0.19
ORD0299,P072,1,0.02
ORD0126,P054,2,0.07
ORD0482,P052,1,0.08
ORD0217,P020,2,0.25
ORD0306,P032,4,0.14
ORD0285,P014,4,0.15
ORD0185,P050,4,0.28
ORD0039,P028,1,0.19
ORD0223,P053,5,0.27
ORD0184,P024,2,0.14
ORD0495,P079,4,0.04
ORD0427,P022,2,0.28
ORD0178,P030,1,0.14
ORD0407,P063,5,0.05
ORD0428,P004,1,0.09
ORD0294,P077,2,0.02
ORD0340,P059,5,0.14
ORD0151,P087,5,0.26
ORD0384,P008,1,0.28
ORD0126,P082,4,0.28
ORD0301,P012,2,0.04
ORD0308,P031,3,0.11
ORD0336,P078,3,0.01
ORD0434,P034,1,0.26
ORD0234,P082,2,0.11
ORD0380,P098,2,0.19
ORD0375,P075,1,0.21
ORD0008,P076,2,0.13
ORD0498,P049,4,0.09
ORD0341,P079,1,0.29
ORD0129,P057,4,0.29
ORD0264,P095,2,0.09
ORD0157,P093,1,0.14
ORD0352,P026,2,0.29
ORD0358,P018,1,0.0
ORD0005,P096,2,0.12
ORD0495,P086,4,0.03
ORD0086,P038,4,0.15
ORD0175,P081,2,0.01
ORD0290,P087,1,0.12
ORD0193,P088,3,0.07
ORD0311,P050,4,0.16
ORD0119,P008,4,0.3
ORD0218,P041,3,0.24
ORD0427,P006,2,0.25
ORD0458,P069,1,0.19
ORD0414,P044,2,0.01
ORD0114,P064,5,0.06
ORD0466,P029,4,0.28
ORD0145,P028,5,0.11
ORD0026,P011,4,0.03
ORD0136,P065,4,0.21
ORD0303,P019,5,0.09
ORD0232,P009,5,0.08
ORD0369,P027,2,0.3
ORD0076,P034,5,0.26
ORD0475,P044,2,0.12
ORD0328,P068,2,0.29
ORD0345,P100,2,0.2
ORD0302,P082,4,0.22
ORD0452,P015,4,0.01
ORD0289,P051,5,0.04
ORD0001,P013,4,0.19
ORD0147,P083,5,0.27
ORD0287,P049,4,0.19
ORD0464,P070,1,0.04
ORD0142,P056,1,0.03
ORD0053,P076,5,0.25
ORD0304,P051,4,0.04
ORD0069,P037,4,0.16
ORD0361,P017,2,0.01
ORD0090,P058,3,0.02
ORD0446,P087,5,0.2
ORD0220,P090,3,0.21
ORD0450,P029,3,0.1
ORD0498,P033,5,0.06
ORD0192,P060,4,0.24
ORD0454,P091,5,0.07
ORD0063,P089,3,0.16
ORD0073,P055,4,0.29
ORD0161,P010,1,0.04
ORD0169,P047,5,0.28
ORD0089,P023,5,0.05
ORD0176,P085,4,0.17
ORD0269,P021,1,0.11
ORD0073,P013,1,0.29
ORD0245,P033,4,0.08
ORD0077,P024,2,0.12
ORD0159,P011,5,0.29
ORD0489,P017,5,0.16
ORD0459,P068,3,0.15
ORD0324,P047,4,0.08
ORD0098,P025,3,0.21
ORD0381,P094,3,0.0
ORD0102,P073,1,0.01
ORD0494,P021,5,0.18
ORD0132,P084,3,0.1
ORD0102,P083,1,0.29
ORD0019,P083,4,0.27
ORD0454,P012,3,0.21
ORD0482,P037,5,0.25
ORD0082,P042,3,0.2
ORD0397,P017,4,0.04
ORD0489,P048,3,0.23
ORD0279,P028,5,0.06
ORD0339,P041,1,0.1
ORD0365,P099,5,0.25
ORD0331,P047,1,0.16
ORD0129,P018,2,0.26
ORD0344,P078,5,0.06
ORD0310,P099,5,0.18
ORD0455,P071,4,0.03
ORD0089,P013,3,0.19
ORD0213,P082,1,0.23
ORD0143,P013,1,0.18
ORD0065,P100,4,0.08
ORD0076,P031,4,0.01
ORD0199,P002,3,0.04
ORD0143,P016,3,0.19
ORD0405,P009,5,0.28
ORD0403,P073,2,0.06
ORD0316,P038,3,0.22
ORD0093,P075,4,0.26
ORD0473,P054,3,0.16
ORD0417,P056,1,0.2
ORD0305,P086,2,0.24
ORD0224,P097,5,0.08
ORD0497,P100,1,0.09
ORD0291,P087,1,0.0
ORD0428,P045,2,0.29
ORD0102,P034,5,0.28
ORD0474,P009,4,0.23
ORD0267,P088,5,0.02
ORD0355,P008,3,0.13
ORD0456,P007,1,0.03
ORD0110,P036,3,0.0
ORD0462,P018,4,0.18
ORD0330,P003,3,0.29
ORD0450,P028,5,0.27
ORD0430,P070,3,0.21
ORD0265,P044,4,0.03
ORD0003,P021,4,0.08
ORD0085,P028,4,0.1
ORD0282,P054,5,0.23
ORD0328,P054,4,0.24
ORD0304,P065,1,0.12
ORD0450,P100,4,0.13
ORD0454,P021,3,0.01
ORD0412,P099,3,0.09
ORD0117,P013,3,0.14
ORD0221,P057,5,0.04
ORD0154,P049,3,0.14
ORD0153,P054,5,0.26
ORD0012,P010,5,0.17
ORD0133,P053,4,0.02
ORD0482,P044,1,0.06
ORD0304,P047,4,0.14
ORD0293,P053,4,0.11
ORD0463,P074,5,0.11
ORD0300,P046,5,0.16
ORD0228,P013,3,0.18
ORD0271,P037,3,0.24
ORD0043,P024,4,0.1
ORD0432,P002,2,0.24
ORD0343,P086,2,0.1
ORD0326,P081,3,0.02
ORD0302,P100,2,0.17
ORD0498,P014,3,0.18
ORD0364,P010,5,0.28
ORD0379,P035,4,0.22
ORD0427,P025,1,0.28
ORD0493,P003,4,0.27
ORD0021,P017,3,0.18
ORD0407,P012,3,0.16
ORD0107,P054,4,0.17
ORD0336,P024,3,0.29
ORD0303,P029,2,0.23
ORD0117,P043,2,0.03
ORD0124,P025,3,0.23
ORD0399,P100,3,0.05
ORD0281,P060,2,0.13
ORD0292,P090,3,0.06
ORD0203,P065,3,0.21
ORD0051,P084,4,0.26
ORD0271,P028,1,0.09
ORD0324,P016,2,0.02
ORD0277,P047,4,0.09
ORD0141,P081,1,0.2
ORD0470,P092,3,0.1
ORD0275,P058,3,0.08
ORD0290,P076,4,0.06
ORD0334,P027,3,0.15
ORD0381,P053,5,0.08
ORD0452,P042,4,0.22
ORD0496,P059,1,0.02
ORD0373,P047,4,0.2
ORD0052,P094,2,0.07
ORD0494,P034,4,0.15
ORD0027,P037,3,0.09
ORD0157,P006,3,0.22
ORD0239,P007,5,0.28
ORD0156,P096,5,0.28
ORD0291,P096,5,0.18
ORD0136,P025,1,0.14
ORD0144,P033,5,0.25
ORD0106,P055,1,0.2
ORD0420,P058,5,0.06
ORD0158,P007,1,0.25
ORD0146,P057,4,0.13
ORD0002,P012,4,0.06
ORD0433,P016,3,0.08
ORD0077,P080,1,0.08
ORD0132,P043,2,0.16
ORD0090,P100,3,0.07
ORD0345,P077,4,0.04
ORD0350,P007,1,0.04
ORD0459,P100,5,0.17
ORD0263,P051,2,0.22
ORD0351,P073,4,0.1
ORD0108,P032,3,0.01
ORD0074,P075,1,0.04
ORD0039,P008,2,0.27
ORD0397,P097,1,0.15
ORD0159,P087,5,0.14
ORD0071,P089,3,0.01
ORD0447,P072,1,0.22
ORD0312,P045,4,0.16
ORD0241,P086,3,0.06
ORD0426,P059,4,0.03
ORD0445,P004,1,0.12
ORD0298,P067,3,0.25
ORD0440,P029,4,0.26
ORD0036,P029,5,0.18
ORD0084,P098,5,0.22
ORD0452,P098,1,0.03
ORD0374,P028,3,0.18
ORD0263,P077,2,0.2
ORD0310,P079,3,0.06
ORD0385,P087,5,0.26
ORD0172,P044,4,0.06
ORD0376,P090,2,0.09
ORD0173,P004,1,0.19
ORD0362,P090,2,0.19
ORD0047,P009,1,0.21
ORD0379,P005,2,0.03
ORD0141,P056,1,0.25
ORD0375,P096,1,0.16
ORD0406,P084,2,0.14
ORD0118,P050,2,0.29
ORD0277,P075,1,0.22
ORD0214,P015,5,0.04
ORD0220,P032,2,0.23
ORD0393,P028,3,0.03
ORD0026,P022,4,0.01
ORD0009,P017,1,0.12
ORD0271,P059,1,0.3
ORD0010,P090,4,0.05
ORD0472,P071,5,0.2
ORD0378,P057,4,0.05
ORD0121,P026,2,0.22
ORD0125,P025,4,0.15
ORD0170,P010,1,0.2
ORD0072,P045,4,0.06
ORD0152,P083,3,0.22
ORD0208,P011,2,0.3
ORD0049,P077,4,0.2
ORD0154,P053,1,0.15
ORD0347,P072,2,0.28
ORD0293,P068,1,0.0
ORD0068,P095,5,0.22
ORD0050,P028,3,0.27
ORD0152,P075,5,0.02
ORD0019,P065,3,0.14
ORD0100,P049,4,0.06
ORD0060,P047,2,0.17
ORD0167,P052,4,0.19
ORD0202,P088,3,0.09
ORD0345,P054,3,0.14
ORD0146,P060,3,0.08
ORD0403,P057,1,0.11
ORD0164,P047,2,0.05
ORD0458,P031,4,0.27
ORD0481,P046,4,0.0
ORD0439,P026,5,0.26
ORD0242,P005,3,0.17
ORD0069,P084,3,0.1
ORD0175,P052,3,0.22
ORD0049,P075,4,0.15
ORD0483,P054,5,0.15
ORD0108,P033,1,0.03
ORD0226,P050,2,0.12
ORD0161,P038,1,0.07
ORD0119,P027,4,0.0
ORD0149,P098,3,0.11
ORD0465,P015,2,0.03
ORD0150,P096,4,0.08
ORD0432,P061,4,0.03
ORD0293,P021,4,0.03
ORD0143,P046,2,0.06
ORD0419,P069,2,0.3
ORD0476,P006,5,0.0
ORD0455,P038,5,0.19
ORD0160,P062,1,0.04
ORD0011,P086,2,0.28
ORD0138,P062,2,0.03
ORD0457,P082,2,0.29
ORD0078,P078,5,0.18
ORD0077,P074,4,0.0
ORD0441,P046,3,0.27
ORD0254,P013,5,0.16
ORD0409,P095,2,0.08
ORD0258,P094,5,0.23
ORD0320,P003,1,0.28
ORD0291,P094,2,0.15
ORD0263,P006,1,0.09
ORD0085,P093,2,0.24
ORD0146,P008,5,0.2
ORD0323,P044,4,0.27
ORD0042,P033,3,0.21
ORD0374,P081,1,0.07
ORD0125,P075,5,0.28
ORD0167,P077,4,0.03
ORD0425,P050,5,0.08
ORD0241,P011,1,0.16
ORD0459,P095,3,0.17
ORD0487,P028,5,0.0
ORD0280,P070,2,0.23
ORD0188,P041,4,0.11
ORD0302,P016,5,0.12
ORD0019,P068,4,0.24
ORD0068,P099,2,0.11
ORD0218,P048,3,0.01
ORD0102,P056,3,0.05
ORD0042,P064,2,0.29
ORD0288,P059,4,0.02
ORD0167,P090,5,0.11
ORD0109,P062,2,0.15
ORD0494,P076,1,0.15
ORD0036,P011,4,0.0
ORD0232,P089,3,0.15
ORD0229,P018,2,0.12
ORD0353,P019,3,0.29
ORD0164,P087,4,0.05
ORD0387,P055,3,0.11
ORD0073,P082,2,0.13
ORD0136,P026,4,0.12
ORD0353,P006,1,0.2
ORD0379,P004,2,0.06
ORD0070,P029,5,0.07
ORD0425,P059,2,0.22
ORD0487,P098,4,0.15
ORD0196,P017,2,0.12
ORD0269,P043,1,0.05
ORD0049,P080,1,0.06
ORD0316,P066,5,0.0
ORD0130,P034,3,0.03
ORD0444,P008,4,0.17
ORD0005,P013,4,0.27
ORD0428,P008,3,0.09
ORD0027,P094,1,0.1
ORD0160,P096,1,0.03
ORD0149,P100,2,0.12
ORD0264,P094,5,0.01
ORD0230,P065,5,0.28
ORD0200,P043,5,0.2
ORD0050,P039,2,0.3
ORD0067,P081,5,0.26
ORD0300,P059,3,0.14
ORD0381,P084,2,0.16
ORD0058,P088,3,0.06
ORD0259,P086,2,0.14
ORD0342,P093,5,0.27
ORD0326,P086,3,0.02
ORD0130,P044,3,0.26
ORD0215,P009,3,0.1
ORD0172,P037,2,0.27
ORD0258,P074,4,0.28
ORD0102,P036,5,0.2
ORD0209,P092,3,0.2
ORD0291,P028,4,0.14
ORD0354,P042,5,0.25
ORD0471,P043,5,0.29
ORD0286,P085,3,0.23
ORD0116,P088,3,0.19
ORD0264,P042,2,0.18
ORD0150,P066,4,0.25
ORD0300,P055,4,0.16
ORD0442,P072,3,0.24
ORD0036,P048,5,0.15
ORD0453,P091,3,0.02
ORD0333,P022,5,0.12
ORD0477,P027,5,0.13
ORD0287,P093,3,0.04
ORD0303,P067,1,0.03
ORD0311,P013,4,0.16
ORD0208,P045,5,0.03
ORD0106,P010,5,0.09
ORD0446,P100,1,0.22
ORD0158,P009,2,0.29
ORD0121,P054,1,0.22
ORD0055,P027,1,0.3
ORD0400,P034,5,0.21
ORD0012,P001,4,0.09
ORD0145,P032,1,0.2
ORD0400,P089,2,0.21
ORD0396,P093,3,0.11
ORD0136,P071,1,0.01
ORD0468,P067,1,0.21
ORD0003,P084,2,0.01
ORD0144,P020,4,0.19
ORD0030,P094,1,0.05
ORD0237,P035,1,0.17
ORD0279,P099,4,0.15
ORD0348,P091,2,0.0
ORD0115,P090,1,0.11
ORD0104,P078,4,0.18
ORD0118,P017,1,0.25
ORD0005,P018,3,0.27
ORD0468,P045,5,0.15
ORD0360,P093,3,0.22
ORD0248,P084,1,0.09
ORD0364,P053,2,0.1
ORD0321,P091,5,0.06
ORD0121,P082,3,0.17
ORD0286,P068,4,0.09
ORD0149,P065,2,0.03
ORD0084,P001,3,0.21
ORD0454,P058,4,0.21
ORD0406,P026,1,0.11
ORD0466,P020,4,0.02
ORD0456,P087,3,0.13
ORD0231,P010,3,0.13
ORD0288,P059,1,0.2
ORD0161,P075,4,0.09
ORD0272,P041,4,0.2
ORD0460,P005,1,0.26
ORD0038,P065,4,0.07
ORD0500,P017,1,0.29
ORD0226,P022,2,0.12
ORD0142,P098,3,0.08
ORD0292,P041,2,0.13
ORD0481,P093,5,0.03
ORD0151,P068,5,0.04
ORD0114,P069,5,0.12
ORD0237,P011,1,0.23
ORD0066,P056,4,0.27
ORD0361,P051,2,0.2
ORD0341,P021,2,0.03
ORD0258,P099,2,0.2
ORD0475,P076,2,0.19
ORD0249,P026,5,0.24
ORD0457,P019,2,0.25
ORD0449,P060,4,0.26
ORD0331,P071,5,0.12
ORD0323,P047,2,0.21
ORD0180,P071,1,0.08
ORD0190,P026,3,0.3
ORD0407,P040,3,0.05
ORD0154,P005,3,0.0
ORD0196,P021,5,0.04
ORD0466,P078,2,0.23
ORD0311,P004,5,0.13
ORD0262,P023,4,0.13
ORD0419,P084,1,0.29
ORD0406,P015,1,0.28
ORD0427,P093,3,0.09
ORD0143,P008,3,0.06
ORD0342,P041,3,0.25
ORD0316,P019,2,0.27
ORD0101,P046,4,0.16
ORD0244,P028,4,0.19
ORD0490,P091,4,0.08
ORD0012,P068,4,0.24
ORD0239,P015,3,0.19
ORD0049,P099,1,0.15
ORD0042,P037,3,0.02
ORD0166,P001,4,0.27
ORD0082,P067,3,0.18
ORD0429,P024,4,0.06
ORD0291,P027,5,0.18
ORD0158,P040,1,0.2
ORD0216,P063,5,0.16
ORD0490,P061,2,0.22
ORD0158,P036,3,0.17
ORD0462,P098,2,0.28
ORD0134,P093,3,0.02
ORD0067,P024,5,0.03
ORD0336,P024,4,0.05
ORD0007,P004,4,0.21
ORD0436,P067,3,0.19
ORD0014,P034,4,0.27
ORD0073,P057,5,0.22
ORD0399,P049,4,0.15
ORD0405,P087,5,0.3
ORD0163,P053,2,0.08
ORD0066,P023,5,0.25
ORD0347,P069,1,0.13
ORD0130,P095,1,0.19
ORD0419,P053,1,0.22
ORD0466,P062,3,0.19
ORD0206,P041,3,0.04
ORD0276,P057,3,0.13
ORD0466,P060,5,0.17
ORD0256,P054,3,0.25
ORD0266,P070,2,0.13
ORD0025,P057,1,0.28
ORD0450,P010,5,0.13
ORD0281,P040,1,0.16
ORD0253,P007,3,0.24
ORD0310,P038,5,0.17
ORD0289,P085,4,0.29
ORD0164,P061,2,0.2
ORD0095,P084,3,0.16
ORD0270,P003,3,0.01
ORD0321,P051,2,0.12
ORD0110,P086,2,0.09
ORD0336,P047,4,0.22
ORD0310,P068,3,0.06
ORD0238,P092,3,0.06
ORD0381,P076,1,0.06
ORD0436,P038,5,0.04
ORD0387,P036,5,0.09
ORD0483,P041,1,0.27
ORD0425,P069,5,0.23
ORD0390,P013,2,0.22
ORD0025,P087,5,0.24
ORD0141,P058,5,0.08
ORD0117,P050,1,0.27
ORD0482,P030,4,0.04
ORD0392,P062,5,0.1
ORD0405,P025,5,0.18
ORD0482,P027,4,0.03
ORD0452,P051,1,0.22
ORD0025,P078,4,0.12
ORD0079,P057,1,0.24
ORD0068,P047,2,0.15
ORD0173,P100,1,0.05
ORD0444,P039,2,0.22
ORD0012,P016,2,0.08
ORD0288,P022,1,0.15
ORD0128,P085,3,0.02
ORD0096,P054,1,0.19
ORD0092,P021,5,0.2
ORD0141,P072,5,0.11
ORD0031,P016,3,0.29
ORD0334,P059,2,0.26
ORD0020,P031,3,0.21
ORD0146,P042,5,0.21
ORD0477,P074,3,0.08
ORD0316,P032,1,0.2
ORD0447,P059,3,0.06
ORD0390,P034,2,0.04
ORD0160,P009,1,0.3
ORD0349,P081,4,0.19
ORD0043,P011,5,0.13
ORD0254,P096,5,0.09
ORD0130,P010,3,0.18
ORD0060,P086,1,0.01
ORD0151,P017,4,0.03
ORD0467,P068,1,0.01
ORD0287,P048,5,0.15
ORD0499,P052,1,0.18
ORD0005,P025,4,0.02
ORD0467,P021,3,0.22
ORD0418,P065,2,0.07
ORD0266,P063,1,0.21
ORD0345,P089,2,0.29
ORD0130,P051,5,0.21
ORD0382,P036,3,0.26
ORD0267,P081,3,0.28
ORD0178,P088,1,0.15
ORD0253,P066,3,0.21
ORD0415,P015,1,0.26
ORD0056,P096,1,0.11
ORD0463,P039,2,0.08
ORD0457,P070,3,0.28
ORD0471,P001,1,0.22
ORD0083,P023,2,0.07
ORD0393,P039,4,0.13
ORD0099,P057,2,0.24
ORD0149,P081,2,0.16
ORD0329,P034,1,0.19
ORD0156,P041,5,0.23
ORD0190,P093,5,0.19
ORD0494,P073,5,0.16
ORD0371,P013,2,0.22
ORD0263,P070,1,0.22
ORD0080,P006,3,0.19
ORD0400,P084,2,0.11
ORD0252,P052,2,0.12
ORD0097,P003,1,0.29
ORD0260,P081,4,0.03
ORD0260,P063,2,0.08
ORD0103,P049,4,0.15
ORD0040,P076,4,0.25
ORD0273,P047,5,0.05
ORD0101,P055,1,0.08
ORD0359,P064,4,0.02
ORD0380,P065,1,0.21
ORD0308,P081,5,0.07
ORD0221,P067,1,0.12
ORD0308,P090,2,0.13
ORD0420,P015,4,0.27
ORD0124,P100,1,0.12
ORD0422,P032,3,0.04
ORD0231,P096,1,0.16
ORD0178,P068,4,0.29
ORD0063,P018,5,0.18
ORD0485,P083,5,0.3
ORD0116,P043,4,0.25
ORD0191,P035,2,0.01
ORD0062,P078,2,0.2
ORD0256,P058,5,0.09
ORD0483,P033,5,0.17
ORD0007,P014,4,0.08
ORD0155,P034,2,0.1
ORD0092,P061,5,0.28
ORD0470,P004,2,0.06
ORD0014,P088,5,0.26
ORD0455,P059,1,0.01
ORD0229,P029,3,0.03
ORD0086,P083,1,0.26
ORD0133,P006,5,0.19
ORD0183,P097,3,0.22
ORD0386,P049,3,0.06
ORD0062,P040,5,0.16
ORD0219,P083,5,0.22
ORD0405,P065,2,0.19
ORD0246,P069,5,0.14
ORD0230,P027,4,0.29
ORD0079,P080,5,0.2
ORD0149,P006,4,0.27
ORD0138,P013,5,0.22
ORD0471,P064,2,0.22
ORD0314,P062,4,0.02
ORD0376,P099,1,0.11
ORD0423,P019,4,0.26
ORD0389,P076,2,0.07
ORD0065,P080,4,0.03
ORD0013,P043,5,0.1
ORD0213,P074,5,0.07
ORD0474,P089,2,0.28
ORD0242,P020,3,0.26
ORD0493,P095,5,0.15
ORD0213,P068,1,0.02
ORD0181,P044,2,0.21
ORD0338,P023,4,0.19
ORD0485,P002,4,0.29
ORD0173,P022,1,0.17
ORD0160,P057,5,0.1
ORD0164,P072,2,0.16
ORD0465,P007,1,0.29
ORD0483,P078,5,0.21
ORD0497,P056,2,0.2
ORD0188,P067,4,0.07
ORD0395,P016,2,0.22
ORD0191,P083,3,0.23
ORD0405,P051,2,0.1
ORD0308,P082,3,0.15
ORD0256,P080,2,0.09
ORD0183,P072,3,0.08
ORD0117,P097,4,0.01
ORD0282,P012,5,0.09
ORD0196,P053,3,0.17
ORD0034,P075,3,0.0
ORD0052,P005,4,0.08
ORD0112,P027,3,0.26
ORD0252,P012,1,0.18
ORD0082,P017,4,0.18
ORD0232,P006,1,0.12
ORD0227,P097,4,0.2
ORD0233,P005,3,0.06
ORD0221,P057,1,0.25
ORD0436,P028,3,0.04
ORD0413,P078,4,0.2
ORD0422,P069,3,0.1
ORD0042,P059,1,0.22
ORD0021,P033,1,0.16
ORD0042,P062,3,0.14
ORD0397,P050,2,0.05
ORD0113,P019,4,0.19
ORD0105,P086,4,0.29
ORD0192,P069,3,0.25
ORD0017,P066,2,0.02
ORD0120,P094,1,0.11
ORD0393,P047,5,0.28
ORD0425,P039,5,0.15
ORD0129,P068,3,0.2
ORD0130,P033,2,0.27
ORD0060,P013,2,0.26
ORD0048,P084,4,0.15
ORD0029,P054,1,0.13
ORD0097,P007,2,0.1
ORD0010,P079,5,0.22
ORD0242,P087,1,0.09
ORD0314,P014,1,0.07
ORD0444,P087,3,0.11
ORD0232,P019,2,0.05
ORD0277,P054,3,0.21
ORD0284,P093,2,0.18
ORD0203,P020,4,0.14
ORD0247,P029,3,0.12
ORD0290,P024,3,0.27
ORD0264,P082,5,0.01
ORD0443,P063,3,0.23
ORD0214,P074,2,0.27
ORD0200,P057,5,0.13
ORD0433,P008,3,0.17
ORD0079,P090,3,0.28
ORD0401,P062,4,0.06
ORD0444,P029,3,0.16
ORD0343,P074,1,0.14
ORD0344,P017,5,0.08
ORD0173,P066,1,0.25
ORD0467,P006,5,0.27
ORD0069,P058,4,0.23
ORD0416,P069,3,0.06
ORD0428,P028,3,0.03
ORD0449,P062,3,0.18
ORD0087,P041,5,0.02
ORD0101,P069,3,0.2
ORD0008,P082,1,0.16
ORD0333,P090,3,0.2
ORD0200,P084,4,0.18
ORD0087,P041,1,0.13
ORD0043,P049,3,0.06
ORD0385,P091,3,0.09
ORD0109,P049,2,0.16
ORD0435,P076,5,0.2
ORD0408,P071,1,0.23
ORD0483,P003,2,0.23
ORD0152,P010,4,0.29
ORD0017,P098,5,0.09
ORD0133,P089,1,0.02
ORD0148,P035,3,0.1
ORD0277,P080,1,0.22
ORD0232,P002,3,0.13
ORD0314,P024,5,0.25
ORD0415,P074,3,0.16
ORD0366,P038,4,0.28
ORD0228,P022,3,0.28
ORD0139,P026,4,0.02
ORD0436,P043,5,0.14
ORD0399,P055,5,0.18
ORD0211,P039,1,0.08
ORD0391,P091,4,0.12
ORD0499,P029,4,0.2
ORD0028,P020,2,0.07
ORD0051,P091,2,0.18
ORD0491,P041,2,0.21
ORD0442,P054,3,0.03
ORD0261,P020,2,0.15
ORD0261,P019,4,0.08
ORD0350,P084,3,0.22
ORD0352,P099,5,0.06
ORD0008,P066,1,0.27
ORD0320,P030,2,0.13
ORD0138,P053,5,0.06
ORD0038,P034,4,0.13
ORD0111,P022,1,0.12
ORD0480,P067,5,0.13
ORD0368,P006,1,0.18
ORD0220,P079,2,0.16
ORD0337,P027,4,0.04
ORD0223,P010,1,0.02
ORD0136,P073,5,0.22
ORD0256,P097,2,0.17
ORD0360,P096,2,0.11
ORD0409,P048,5,0.24
ORD0329,P070,5,0.12
ORD0450,P059,1,0.24
ORD0463,P100,3,0.09
ORD0434,P059,2,0.02
ORD0451,P002,1,0.28
ORD0049,P029,5,0.12
ORD0292,P068,1,0.24
ORD0382,P065,5,0.08
ORD0324,P083,4,0.19
ORD0078,P026,5,0.26
ORD0105,P089,5,0.01
ORD0169,P010,5,0.25
ORD0217,P053,3,0.17
ORD0378,P079,5,0.18
ORD0119,P059,2,0.16
ORD0190,P022,2,0.26
ORD0255,P051,1,0.01
ORD0370,P048,3,0.08
ORD0266,P021,1,0.26
ORD0149,P022,2,0.23
ORD0164,P100,2,0.01
ORD0140,P098,4,0.16
ORD0347,P030,5,0.16
ORD0488,P025,2,0.12
ORD0258,P028,1,0.09
ORD0374,P065,1,0.2
ORD0269,P045,5,0.06
ORD0181,P068,5,0.24
ORD0160,P007,4,0.24
ORD0351,P049,3,0.12
ORD0400,P009,1,0.09
ORD0288,P036,5,0.09
ORD0288,P083,1,0.14
ORD0380,P001,5,0.22
ORD0226,P010,2,0.11
ORD0011,P036,1,0.18
ORD0010,P073,2,0.11
ORD0271,P046,1,0.09
ORD0273,P032,3,0.01
ORD0424,P032,4,0.0
ORD0402,P006,2,0.07
ORD0183,P048,5,0.12
ORD0457,P038,3,0.26
ORD0153,P017,1,0.24
ORD0488,P074,2,0.08
ORD0315,P027,1,0.07
ORD0334,P054,1,0.07
ORD0124,P050,1,0.1
ORD0473,P035,4,0.15
ORD0114,P085,4,0.13
ORD0278,P025,5,0.07
ORD0500,P028,2,0.04
ORD0414,P015,3,0.0
ORD0468,P004,3,0.05
ORD0213,P093,3,0.21
ORD0172,P073,1,0.07
ORD0288,P027,4,0.14
ORD0435,P026,2,0.18
ORD0174,P019,1,0.27
ORD0113,P092,4,0.27
ORD0376,P017,4,0.22
ORD0405,P043,2,0.01
ORD0483,P041,2,0.17
ORD0122,P042,2,0.24
ORD0032,P050,1,0.01
ORD0222,P084,5,0.16
ORD0119,P040,2,0.26
ORD0039,P039,5,0.14
ORD0497,P023,1,0.0
ORD0268,P096,5,0.0
ORD0233,P052,3,0.12
ORD0431,P047,5,0.05
ORD0018,P063,2,0.2
ORD0149,P097,1,0.21
ORD0397,P069,2,0.05
ORD0149,P043,3,0.27
ORD0126,P048,2,0.13
ORD0392,P034,2,0.04
ORD0302,P040,2,0.23
ORD0360,P075,4,0.24
ORD0238,P061,3,0.19
ORD0135,P050,2,0.26
ORD0151,P067,2,0.22
ORD0236,P062,2,0.26
ORD0224,P058,1,0.13
ORD0203,P033,4,0.22
ORD0256,P075,1,0.3
ORD0086,P016,4,0.22
ORD0150,P082,2,0.03
ORD0235,P094,3,0.16
ORD0345,P048,5,0.18
ORD0022,P010,5,0.05
ORD0348,P082,2,0.29
ORD0285,P038,1,0.05
ORD0269,P019,3,0.05
ORD0466,P036,4,0.27
ORD0258,P059,2,0.14
ORD0029,P063,3,0.02
ORD0213,P077,3,0.18
ORD0463,P046,4,0.18
ORD0436,P003,3,0.02
ORD0283,P074,1,0.29
ORD0050,P065,1,0.16
ORD0095,P091,1,0.17
ORD0463,P008,3,0.16
ORD0499,P051,1,0.18
ORD0407,P081,4,0.08
ORD0088,P073,3,0.09
ORD0044,P006,5,0.15
ORD0461,P089,3,0.24
ORD0278,P039,4,0.01
ORD0171,P060,5,0.18
ORD0421,P028,3,0.24
ORD0189,P097,1,0.05
ORD0353,P054,2,0.0
ORD0184,P037,2,0.09
ORD0003,P009,1,0.18
ORD0191,P082,2,0.04
ORD0118,P056,2,0.13
ORD0019,P059,1,0.17
ORD0023,P085,1,0.18
ORD0413,P002,3,0.08
ORD0030,P061,3,0.12
ORD0295,P058,1,0.23
ORD0108,P060,4,0.28
ORD0367,P040,2,0.26
ORD0281,P036,3,0.17
ORD0128,P037,2,0.12
ORD0229,P079,5,0.1
ORD0111,P092,1,0.04
ORD0136,P018,4,0.03
ORD0362,P098,5,0.21
ORD0186,P063,5,0.08
ORD0144,P022,5,0.08
ORD0072,P011,1,0.3
ORD0129,P058,3,0.06
ORD0364,P057,1,0.04
ORD0261,P077,3,0.03
ORD0003,P004,5,0.17
ORD0449,P086,5,0.19
ORD0388,P007,4,0.11
ORD0104,P061,3,0.16
ORD0483,P054,5,0.24
ORD0224,P088,2,0.25
ORD0320,P068,4,0.29
ORD0362,P092,1,0.25
ORD0354,P079,4,0.17
ORD0491,P001,2,0.05
ORD0473,P055,3,0.03
ORD0010,P003,1,0.02
ORD0405,P078,1,0.2
ORD0384,P038,3,0.24
ORD0302,P001,4,0.15
ORD0231,P038,5,0.02
ORD0219,P085,4,0.16
ORD0411,P029,2,0.28
ORD0066,P005,5,0.18
ORD0425,P074,4,0.24
ORD0112,P092,3,0.24
ORD0013,P021,2,0.28
ORD0393,P071,2,0.23
ORD0500,P067,2,0.22
ORD0420,P047,5,0.07
ORD0086,P084,1,0.02
ORD0234,P083,5,0.16
ORD0090,P035,4,0.04
ORD0314,P068,1,0.29
ORD0054,P069,4,0.09
ORD0012,P001,1,0.26
ORD0209,P068,5,0.12
ORD0462,P012,2,0.1
ORD0014,P060,3,0.28
ORD0121,P027,2,0.11
ORD0418,P056,5,0.12
ORD0437,P023,1,0.03
ORD0377,P025,2,0.2
ORD0020,P021,5,0.09
ORD0075,P061,4,0.18
ORD0400,P063,3,0.18
ORD0243,P052,2,0.22
